1,1/362,M2039,30:43,30:42,4:57
2,2/362,M2039,31:36,31:36,5:06
3,3/362,M2039,31:42,31:42,5:07
4,4/362,M2039,32:28,32:27,5:14
5,5/362,M2039,32:52,32:52,5:18
6,6/362,M2039,33:06,33:06,5:20
7,1/256,M4049,33:33,33:33,5:24
8,2/256,M4049,33:42,33:42,5:26
9,3/256,M4049,33:54,33:54,5:28
10,7/362,M2039,33:56,33:56,5:28
11,8/362,M2039,34:13,34:13,5:31
12,4/256,M4049,34:25,34:25*,5:33
13,5/256,M4049,35:22,35:22,5:42
14,9/362,M2039,35:50,35:49,5:46
15,1/448,F2039,36:31,36:31,5:53
16,10/362,M2039,36:42,36:41,5:55
17,2/448,F2039,36:53,36:52,5:56
18,3/448,F2039,37:16,37:16,6:00
19,11/362,M2039,37:35,37:26,6:02
20,12/362,M2039,37:41,37:40,6:04
21,4/448,F2039,37:45,37:44,6:05
22,6/256,M4049,38:09,38:06,6:08
23,7/256,M4049,38:12,38:10,6:09
24,13/362,M2039,38:12,38:11,6:09
25,1/46,M6069,38:13,38:12*,6:09
26,1/171,M5059,38:22,38:21,6:11
27,5/448,F2039,38:31,38:30,6:12
28,8/256,M4049,38:33,38:31,6:12
29,14/362,M2039,38:34,38:32,6:13
30,15/362,M2039,38:41,38:34,6:13
31,9/256,M4049,38:38,38:35,6:13
32,16/362,M2039,38:41,38:40,6:14
33,2/171,M5059,39:01,39:00,6:17
34,17/362,M2039,39:14,39:09,6:18
35,18/362,M2039,39:12,39:10,6:19
36,10/256,M4049,39:13,39:12,6:19
37,19/362,M2039,39:17,39:14,6:19
38,11/256,M4049,39:23,39:22,6:21
39,20/362,M2039,39:40,39:32,6:22
40,6/448,F2039,39:33,39:32,6:22
41,21/362,M2039,39:41,39:34,6:23
42,22/362,M2039,39:57,39:44,6:24
43,12/256,M4049,39:45,39:45,6:24
44,23/362,M2039,39:50,39:46,6:24
45,3/171,M5059,39:47,39:46,6:24
46,13/256,M4049,39:50,39:48,6:25
47,24/362,M2039,39:51,39:49,6:25
48,25/362,M2039,40:15,40:07,6:28
49,26/362,M2039,40:37,40:11,6:28
50,1/22,M0119,40:38,40:12,6:29
51,27/362,M2039,40:21,40:18,6:30
52,14/256,M4049,40:21,40:19,6:30
53,28/362,M2039,40:30,40:20,6:30
54,29/362,M2039,40:27,40:25,6:31
56,30/362,M2039,40:32,40:30,6:31
57,31/362,M2039,40:48,40:44,6:34
58,15/256,M4049,40:57,40:51,6:35
59,7/448,F2039,40:56,40:53,6:35
60,8/448,F2039,40:58,40:55,6:36
61,1/186,F4049,41:07,41:06*,6:37
62,4/171,M5059,41:20,41:16,6:39
63,9/448,F2039,41:19,41:18,6:39
64,16/256,M4049,41:32,41:26,6:41
65,17/256,M4049,41:44,41:34,6:42
66,5/171,M5059,41:38,41:35,6:42
67,18/256,M4049,41:41,41:35,6:42
68,32/362,M2039,41:50,41:39,6:43
69,33/362,M2039,42:02,41:40,6:43
70,19/256,M4049,41:43,41:43,6:43
71,34/362,M2039,41:47,41:45,6:44
72,2/22,M0119,41:48,41:47,6:44
73,6/171,M5059,41:50,41:48,6:44
74,2/186,F4049,42:01,41:58,6:46
75,35/362,M2039,42:11,42:00,6:46
76,20/256,M4049,42:05,42:02,6:46
77,36/362,M2039,42:09,42:08,6:47
78,37/362,M2039,42:14,42:09,6:47
79,21/256,M4049,42:21,42:10,6:48
80,38/362,M2039,42:20,42:12,6:48
82,39/362,M2039,42:22,42:13,6:48
83,7/171,M5059,42:31,42:20,6:49
84,40/362,M2039,42:30,42:22,6:50
85,41/362,M2039,42:27,42:23,6:50
86,42/362,M2039,42:37,42:24,6:50
87,43/362,M2039,42:28,42:27,6:50
88,44/362,M2039,42:46,42:30,6:51
89,45/362,M2039,42:34,42:30,6:51
90,22/256,M4049,42:34,42:31,6:51
92,46/362,M2039,42:44,42:32,6:51
93,23/256,M4049,42:44,42:34,6:51
94,47/362,M2039,43:06,42:35,6:52
95,24/256,M4049,42:38,42:37,6:52
96,25/256,M4049,42:47,42:39,6:52
97,26/256,M4049,42:48,42:44,6:53
98,10/448,F2039,43:15,42:48,6:54
99,48/362,M2039,42:58,42:49,6:54
100,49/362,M2039,42:58,42:50,6:54
101,50/362,M2039,43:05,42:51,6:54
102,51/362,M2039,42:57,42:54,6:55
103,52/362,M2039,43:12,42:54,6:55
104,53/362,M2039,43:12,42:54,6:55
105,54/362,M2039,43:14,42:56,6:55
106,3/186,F4049,42:59,42:57,6:55
107,11/448,F2039,44:06,42:59,6:55
108,55/362,M2039,43:23,43:00,6:56
109,12/448,F2039,43:12,43:04,6:56
110,56/362,M2039,43:12,43:05,6:56
111,57/362,M2039,43:35,43:05,6:56
112,4/186,F4049,43:11,43:07,6:57
113,8/171,M5059,43:14,43:12,6:58
114,58/362,M2039,43:30,43:17,6:58
115,27/256,M4049,43:24,43:20,6:59
116,28/256,M4049,43:25,43:21,6:59
117,59/362,M2039,43:34,43:26,7:00
118,29/256,M4049,43:32,43:29,7:00
119,13/448,F2039,43:33,43:31,7:01
120,30/256,M4049,43:42,43:32,7:01
121,31/256,M4049,43:39,43:36,7:01
122,60/362,M2039,43:49,43:39,7:02
123,32/256,M4049,43:54,43:47,7:03
124,33/256,M4049,43:59,43:49,7:04
125,2/46,M6069,43:53,43:50,7:04
126,14/448,F2039,43:58,43:51,7:04
127,34/256,M4049,44:07,43:51,7:04
128,61/362,M2039,44:12,43:51,7:04
129,62/362,M2039,44:02,43:52,7:04
130,9/171,M5059,44:01,43:52,7:04
131,63/362,M2039,44:03,43:55,7:04
132,64/362,M2039,44:29,43:58,7:05
133,35/256,M4049,44:02,44:00,7:05
134,3/22,M0119,44:17,44:00,7:05
135,36/256,M4049,44:18,44:01,7:05
136,37/256,M4049,44:20,44:03,7:06
137,15/448,F2039,44:18,44:06,7:06
138,65/362,M2039,44:27,44:09,7:07
139,16/448,F2039,44:40,44:13,7:07
140,66/362,M2039,44:23,44:14,7:08
141,38/256,M4049,45:03,44:16,7:08
142,17/448,F2039,44:41,44:24,7:09
143,18/448,F2039,44:43,44:27,7:10
144,67/362,M2039,45:02,44:27,7:10
145,1/64,F5059,44:49,44:32*,7:11
146,3/46,M6069,44:34,44:33*,7:11
147,10/171,M5059,44:45,44:33,7:11
148,68/362,M2039,45:02,44:37,7:11
149,11/171,M5059,44:52,44:40,7:12
150,69/362,M2039,45:22,44:41,7:12
151,70/362,M2039,44:59,44:44,7:12
152,5/186,F4049,44:50,44:48,7:13
153,19/448,F2039,44:52,44:48,7:13
154,20/448,F2039,45:11,44:51,7:13
155,71/362,M2039,45:01,44:52,7:14
156,6/186,F4049,45:06,44:52,7:14
157,39/256,M4049,45:06,44:54,7:14
158,72/362,M2039,45:02,44:54,7:14
159,73/362,M2039,45:23,44:55,7:14
160,74/362,M2039,45:04,44:57,7:15
161,21/448,F2039,45:07,45:03,7:15
162,12/171,M5059,45:14,45:06,7:16
163,75/362,M2039,45:15,45:06,7:16
164,40/256,M4049,45:23,45:09,7:16
165,41/256,M4049,45:16,45:10,7:17
166,42/256,M4049,45:50,45:11,7:17
167,43/256,M4049,45:21,45:14,7:17
168,44/256,M4049,45:18,45:15,7:17
169,76/362,M2039,45:27,45:15,7:17
170,22/448,F2039,45:22,45:19,7:18
171,13/171,M5059,45:24,45:21,7:18
172,23/448,F2039,45:27,45:21,7:18
173,45/256,M4049,45:38,45:23,7:19
174,77/362,M2039,45:39,45:25,7:19
175,78/362,M2039,45:46,45:26,7:19
176,4/46,M6069,45:31,45:28,7:19
177,14/171,M5059,45:50,45:29,7:20
178,4/22,M0119,45:56,45:30,7:20
179,46/256,M4049,45:48,45:30,7:20
180,47/256,M4049,45:46,45:30,7:20
181,79/362,M2039,45:47,45:33,7:20
182,80/362,M2039,46:05,45:39,7:21
183,81/362,M2039,45:53,45:40,7:21
184,24/448,F2039,45:58,45:40,7:21
185,82/362,M2039,45:57,45:40,7:21
186,7/186,F4049,46:03,45:40,7:21
187,48/256,M4049,46:14,45:43,7:22
188,8/186,F4049,45:59,45:43,7:22
189,83/362,M2039,46:34,45:44,7:22
190,9/186,F4049,45:57,45:45,7:22
191,49/256,M4049,46:02,45:45,7:22
192,15/171,M5059,45:56,45:46,7:22
193,84/362,M2039,46:00,45:47,7:22
194,50/256,M4049,46:15,45:49,7:23
195,85/362,M2039,47:09,45:51,7:23
196,16/171,M5059,46:03,45:53,7:23
197,51/256,M4049,46:06,45:56,7:24
198,86/362,M2039,46:16,45:57,7:24
199,87/362,M2039,46:10,45:57,7:24
200,88/362,M2039,46:01,45:58,7:24
201,89/362,M2039,46:29,45:58,7:24
202,25/448,F2039,46:15,45:58,7:24
203,90/362,M2039,46:09,45:59,7:24
204,91/362,M2039,46:14,45:59,7:24
205,26/448,F2039,46:57,46:00,7:25
206,52/256,M4049,46:15,46:01,7:25
207,92/362,M2039,46:13,46:01,7:25
208,93/362,M2039,46:43,46:02,7:25
209,10/186,F4049,46:09,46:03,7:25
210,27/448,F2039,46:16,46:04,7:25
211,94/362,M2039,46:29,46:04,7:25
212,53/256,M4049,46:19,46:05,7:25
213,17/171,M5059,46:20,46:05,7:25
214,95/362,M2039,46:57,46:07,7:26
215,96/362,M2039,46:18,46:11,7:26
216,54/256,M4049,46:21,46:16,7:27
217,97/362,M2039,46:51,46:17,7:27
218,98/362,M2039,46:48,46:21,7:28
219,55/256,M4049,46:55,46:23,7:28
220,99/362,M2039,47:55,46:23,7:28
221,100/362,M2039,46:31,46:24,7:28
222,101/362,M2039,46:28,46:24,7:28
223,18/171,M5059,46:30,46:25,7:29
224,102/362,M2039,47:23,46:25,7:29
225,28/448,F2039,46:42,46:28,7:29
226,103/362,M2039,46:47,46:29,7:29
227,11/186,F4049,47:00,46:33,7:30
228,104/362,M2039,47:16,46:34,7:30
229,105/362,M2039,47:01,46:34,7:30
230,56/256,M4049,46:36,46:34,7:30
231,106/362,M2039,46:53,46:35,7:30
232,19/171,M5059,47:04,46:35,7:30
233,107/362,M2039,46:55,46:36,7:30
234,108/362,M2039,47:17,46:38,7:31
235,109/362,M2039,46:56,46:39,7:31
236,29/448,F2039,46:54,46:39,7:31
237,20/171,M5059,47:02,46:40,7:31
238,110/362,M2039,46:57,46:41,7:31
239,21/171,M5059,46:57,46:41,7:31
240,111/362,M2039,47:12,46:41,7:31
241,1/20,F0119,46:47,46:44,7:32
242,112/362,M2039,47:26,46:44,7:32
243,57/256,M4049,46:46,46:45,7:32
244,22/171,M5059,47:00,46:47,7:32
245,58/256,M4049,47:04,46:48,7:32
246,23/171,M5059,47:21,46:52,7:33
247,59/256,M4049,47:02,46:52,7:33
248,113/362,M2039,46:58,46:53,7:33
249,114/362,M2039,47:55,46:54,7:33
250,115/362,M2039,48:33,46:56,7:34
251,1/11,M7099,46:57,46:56*,7:34
252,30/448,F2039,47:53,46:58,7:34
254,24/171,M5059,47:12,47:00,7:34
255,116/362,M2039,47:38,47:02,7:35
256,1/10,F6069,47:07,47:03*,7:35
257,117/362,M2039,47:35,47:03,7:35
258,118/362,M2039,47:28,47:03,7:35
259,60/256,M4049,47:16,47:05,7:35
260,31/448,F2039,47:14,47:07,7:35
261,119/362,M2039,47:31,47:07,7:35
262,12/186,F4049,47:24,47:09,7:36
263,25/171,M5059,47:29,47:09,7:36
264,120/362,M2039,47:19,47:14,7:37
265,32/448,F2039,47:26,47:14,7:37
266,121/362,M2039,47:19,47:15,7:37
267,61/256,M4049,47:41,47:16,7:37
268,33/448,F2039,48:15,47:17,7:37
269,5/46,M6069,47:29,47:18,7:37
270,62/256,M4049,47:21,47:19,7:37
271,63/256,M4049,47:29,47:19,7:37
272,34/448,F2039,47:42,47:20,7:37
273,64/256,M4049,47:38,47:21,7:38
274,122/362,M2039,47:44,47:21,7:38
275,65/256,M4049,47:55,47:23,7:38
276,123/362,M2039,47:43,47:23,7:38
277,66/256,M4049,47:34,47:24,7:38
278,67/256,M4049,47:37,47:24,7:38
279,13/186,F4049,47:48,47:28,7:39
280,124/362,M2039,47:47,47:29,7:39
281,35/448,F2039,48:12,47:29,7:39
282,26/171,M5059,47:39,47:30,7:39
283,125/362,M2039,48:12,47:31,7:39
284,27/171,M5059,48:23,47:31,7:39
285,36/448,F2039,47:53,47:32,7:39
286,68/256,M4049,47:40,47:32,7:39
287,37/448,F2039,47:45,47:33,7:40
288,126/362,M2039,48:31,47:34,7:40
289,127/362,M2039,47:44,47:34,7:40
290,128/362,M2039,48:27,47:34,7:40
291,69/256,M4049,47:49,47:35,7:40
292,28/171,M5059,47:48,47:35,7:40
293,129/362,M2039,47:40,47:35,7:40
294,130/362,M2039,48:12,47:36,7:40
295,70/256,M4049,48:15,47:38,7:40
296,131/362,M2039,47:51,47:38,7:40
297,71/256,M4049,47:45,47:38,7:40
298,72/256,M4049,47:42,47:38,7:40
299,73/256,M4049,48:28,47:39,7:40
300,29/171,M5059,48:11,47:39,7:41
301,74/256,M4049,47:40,47:39,7:41
302,75/256,M4049,48:05,47:40,7:41
303,38/448,F2039,48:07,47:43,7:41
304,76/256,M4049,47:58,47:45,7:41
305,30/171,M5059,48:14,47:45,7:42
306,39/448,F2039,48:07,47:46,7:42
307,31/171,M5059,47:52,47:46,7:42
308,132/362,M2039,48:31,47:48,7:42
309,77/256,M4049,47:55,47:49,7:42
310,133/362,M2039,48:36,47:50,7:42
311,78/256,M4049,48:14,47:51,7:42
312,134/362,M2039,47:51,47:51,7:42
313,135/362,M2039,48:07,47:51,7:42
314,136/362,M2039,48:07,47:53,7:43
315,137/362,M2039,48:42,47:55,7:43
316,6/46,M6069,48:02,47:56,7:43
317,138/362,M2039,48:28,47:56,7:43
318,139/362,M2039,48:44,47:58,7:44
319,79/256,M4049,48:01,48:00,7:44
320,40/448,F2039,48:44,48:01,7:44
321,80/256,M4049,48:18,48:03,7:44
322,41/448,F2039,48:37,48:03,7:44
323,140/362,M2039,48:36,48:05,7:45
324,81/256,M4049,48:26,48:06,7:45
325,141/362,M2039,48:13,48:07,7:45
326,14/186,F4049,48:40,48:10,7:45
327,15/186,F4049,48:47,48:12,7:46
328,16/186,F4049,48:35,48:12,7:46
329,42/448,F2039,48:33,48:13,7:46
330,82/256,M4049,49:05,48:14,7:46
331,43/448,F2039,48:35,48:14,7:46
332,142/362,M2039,48:51,48:15,7:46
333,83/256,M4049,48:43,48:15,7:46
334,84/256,M4049,49:06,48:15,7:46
335,143/362,M2039,48:25,48:18,7:47
336,144/362,M2039,48:30,48:19,7:47
337,32/171,M5059,48:26,48:20,7:47
338,2/20,F0119,48:26,48:20,7:47
339,145/362,M2039,49:28,48:21,7:47
340,146/362,M2039,48:22,48:22,7:47
341,85/256,M4049,49:12,48:22,7:47
342,44/448,F2039,49:27,48:28,7:48
343,45/448,F2039,48:36,48:29,7:49
344,46/448,F2039,48:39,48:30,7:49
345,33/171,M5059,48:38,48:32,7:49
346,17/186,F4049,48:45,48:32,7:49
347,86/256,M4049,48:40,48:33,7:49
348,87/256,M4049,48:48,48:33,7:49
349,47/448,F2039,49:14,48:34,7:49
350,34/171,M5059,48:40,48:35,7:49
351,147/362,M2039,48:53,48:35,7:50
352,35/171,M5059,48:59,48:35,7:50
353,148/362,M2039,48:41,48:36,7:50
354,48/448,F2039,49:18,48:37,7:50
355,149/362,M2039,49:18,48:38,7:50
356,150/362,M2039,48:56,48:38,7:50
357,5/22,M0119,49:31,48:39,7:50
358,151/362,M2039,49:09,48:39,7:50
359,49/448,F2039,49:06,48:40,7:50
360,50/448,F2039,49:09,48:40,7:50
361,36/171,M5059,49:04,48:41,7:50
362,88/256,M4049,49:02,48:42,7:51
363,89/256,M4049,48:52,48:42,7:51
364,51/448,F2039,49:06,48:43,7:51
366,152/362,M2039,49:28,48:44,7:51
367,90/256,M4049,49:07,48:44,7:51
368,7/46,M6069,49:05,48:45,7:51
369,52/448,F2039,49:27,48:46,7:51
370,53/448,F2039,49:47,48:46,7:51
371,153/362,M2039,48:50,48:46,7:51
372,91/256,M4049,49:02,48:48,7:52
373,92/256,M4049,49:40,48:48,7:52
374,18/186,F4049,49:07,48:53,7:52
375,54/448,F2039,49:36,48:55,7:53
376,19/186,F4049,49:54,48:55,7:53
377,37/171,M5059,49:09,48:56,7:53
378,154/362,M2039,49:33,48:58,7:53
379,93/256,M4049,49:28,48:59,7:53
380,94/256,M4049,49:37,48:59,7:53
381,38/171,M5059,49:06,48:59,7:53
382,155/362,M2039,49:41,49:00,7:54
383,39/171,M5059,49:21,49:02,7:54
384,40/171,M5059,49:27,49:04,7:54
385,55/448,F2039,49:25,49:04,7:54
386,56/448,F2039,49:21,49:05,7:54
387,57/448,F2039,49:31,49:06,7:55
388,58/448,F2039,49:46,49:06,7:55
389,59/448,F2039,49:29,49:07,7:55
390,20/186,F4049,49:42,49:07,7:55
391,95/256,M4049,49:20,49:08,7:55
392,41/171,M5059,49:33,49:11,7:55
393,156/362,M2039,49:44,49:11,7:55
394,157/362,M2039,49:11,49:11,7:55
395,96/256,M4049,50:01,49:12,7:56
396,97/256,M4049,50:42,49:12,7:56
397,21/186,F4049,49:48,49:13,7:56
398,98/256,M4049,49:41,49:13,7:56
399,2/64,F5059,49:34,49:14,7:56
400,158/362,M2039,49:39,49:16,7:56
401,60/448,F2039,50:09,49:17,7:56
402,159/362,M2039,49:46,49:17,7:56
403,99/256,M4049,50:03,49:17,7:56
404,61/448,F2039,49:33,49:17,7:56
405,160/362,M2039,50:04,49:18,7:56
406,161/362,M2039,49:33,49:18,7:56
407,100/256,M4049,49:32,49:18,7:56
408,162/362,M2039,49:35,49:19,7:57
409,3/64,F5059,49:38,49:20,7:57
410,6/22,M0119,49:47,49:21,7:57
411,22/186,F4049,49:44,49:21,7:57
412,8/46,M6069,49:38,49:21,7:57
413,163/362,M2039,50:01,49:22,7:57
414,164/362,M2039,49:51,49:24,7:57
415,165/362,M2039,49:51,49:26,7:58
416,166/362,M2039,49:41,49:26,7:58
417,23/186,F4049,49:38,49:27,7:58
418,24/186,F4049,49:52,49:28,7:58
419,167/362,M2039,49:57,49:29,7:58
420,168/362,M2039,50:00,49:32,7:59
421,101/256,M4049,50:09,49:32,7:59
422,102/256,M4049,49:46,49:32,7:59
423,42/171,M5059,49:42,49:33,7:59
424,62/448,F2039,49:57,49:34,7:59
425,63/448,F2039,49:57,49:34,7:59
426,64/448,F2039,50:09,49:35,7:59
427,169/362,M2039,49:52,49:36,7:59
428,43/171,M5059,50:14,49:36,7:59
429,103/256,M4049,50:12,49:37,8:00
430,44/171,M5059,50:17,49:37,8:00
431,170/362,M2039,50:24,49:38,8:00
432,171/362,M2039,50:06,49:38,8:00
433,172/362,M2039,49:43,49:39,8:00
434,173/362,M2039,50:09,49:40,8:00
435,104/256,M4049,49:50,49:41,8:00
436,174/362,M2039,50:26,49:42,8:00
437,3/20,F0119,50:21,49:45,8:01
438,45/171,M5059,50:22,49:45,8:01
439,105/256,M4049,50:04,49:46,8:01
440,25/186,F4049,50:13,49:48,8:01
441,106/256,M4049,50:11,49:48,8:01
442,26/186,F4049,50:16,49:48,8:01
443,65/448,F2039,50:16,49:48,8:01
444,175/362,M2039,50:32,49:49,8:02
445,66/448,F2039,50:45,49:50,8:02
446,67/448,F2039,50:19,49:50,8:02
447,27/186,F4049,50:08,49:51,8:02
448,68/448,F2039,50:20,49:51,8:02
449,28/186,F4049,50:26,49:52,8:02
450,46/171,M5059,50:08,49:53,8:02
451,47/171,M5059,50:36,49:54,8:02
452,176/362,M2039,50:37,49:55,8:02
453,29/186,F4049,50:58,49:57,8:03
454,48/171,M5059,50:04,50:00,8:03
455,69/448,F2039,50:24,50:03,8:04
456,177/362,M2039,51:03,50:04,8:04
457,107/256,M4049,50:21,50:05,8:04
458,108/256,M4049,50:34,50:09,8:05
459,178/362,M2039,50:31,50:09,8:05
460,109/256,M4049,50:24,50:09,8:05
461,49/171,M5059,50:21,50:10,8:05
462,110/256,M4049,51:07,50:12,8:05
463,179/362,M2039,50:45,50:12,8:05
464,180/362,M2039,50:49,50:14,8:05
465,70/448,F2039,51:00,50:14,8:06
466,181/362,M2039,50:33,50:15,8:06
467,50/171,M5059,50:42,50:15,8:06
468,30/186,F4049,50:27,50:15,8:06
469,182/362,M2039,50:51,50:16,8:06
470,51/171,M5059,50:35,50:18,8:06
471,31/186,F4049,51:08,50:19,8:06
472,32/186,F4049,51:27,50:21,8:07
473,71/448,F2039,50:35,50:21,8:07
474,111/256,M4049,50:43,50:24,8:07
475,183/362,M2039,51:29,50:25,8:07
476,52/171,M5059,50:50,50:26,8:07
477,112/256,M4049,51:06,50:29,8:08
478,53/171,M5059,50:53,50:30,8:08
479,72/448,F2039,51:17,50:30,8:08
480,184/362,M2039,51:33,50:31,8:08
481,113/256,M4049,50:41,50:32,8:08
482,54/171,M5059,50:57,50:33,8:08
483,55/171,M5059,51:08,50:33,8:09
484,114/256,M4049,50:46,50:33,8:09
485,115/256,M4049,51:00,50:34,8:09
486,185/362,M2039,51:28,50:34,8:09
487,33/186,F4049,50:46,50:34,8:09
488,186/362,M2039,50:56,50:34,8:09
489,116/256,M4049,50:56,50:34,8:09
490,187/362,M2039,51:12,50:36,8:09
491,56/171,M5059,51:02,50:37,8:09
492,188/362,M2039,51:22,50:37,8:09
493,189/362,M2039,51:12,50:38,8:09
494,190/362,M2039,51:44,50:38,8:09
495,117/256,M4049,51:27,50:42,8:10
496,73/448,F2039,50:47,50:43,8:10
497,74/448,F2039,51:31,50:43,8:10
498,9/46,M6069,50:58,50:47,8:11
499,118/256,M4049,51:17,50:48,8:11
500,119/256,M4049,51:20,50:51,8:11
501,75/448,F2039,51:41,50:53,8:12
502,76/448,F2039,51:05,50:53,8:12
503,57/171,M5059,51:09,50:53,8:12
504,120/256,M4049,52:20,50:53,8:12
505,191/362,M2039,51:49,50:53,8:12
506,121/256,M4049,51:54,50:54,8:12
507,77/448,F2039,51:02,50:55,8:12
508,78/448,F2039,51:45,50:56,8:12
509,79/448,F2039,51:10,50:56,8:12
510,192/362,M2039,51:35,50:56,8:12
511,80/448,F2039,51:44,50:57,8:12
512,193/362,M2039,51:14,50:58,8:13
513,58/171,M5059,51:14,50:58,8:13
514,194/362,M2039,51:29,50:59,8:13
515,195/362,M2039,52:36,51:00,8:13
516,122/256,M4049,51:35,51:01,8:13
517,123/256,M4049,51:36,51:04,8:14
518,196/362,M2039,51:12,51:05,8:14
519,197/362,M2039,52:17,51:05,8:14
520,198/362,M2039,51:24,51:06,8:14
521,81/448,F2039,51:32,51:06,8:14
522,82/448,F2039,51:22,51:07,8:14
523,124/256,M4049,51:33,51:08,8:14
524,83/448,F2039,51:33,51:08,8:14
525,84/448,F2039,52:33,51:09,8:14
526,199/362,M2039,52:02,51:11,8:15
527,125/256,M4049,52:00,51:14,8:15
528,126/256,M4049,51:49,51:14,8:15
529,200/362,M2039,52:05,51:14,8:15
530,201/362,M2039,51:48,51:14,8:15
531,85/448,F2039,51:35,51:15,8:15
532,127/256,M4049,51:32,51:15,8:15
533,59/171,M5059,52:19,51:19,8:16
534,86/448,F2039,52:23,51:20,8:16
535,202/362,M2039,51:40,51:22,8:16
536,87/448,F2039,52:20,51:22,8:16
537,88/448,F2039,52:06,51:25,8:17
538,4/64,F5059,51:40,51:25,8:17
539,203/362,M2039,52:59,51:26,8:17
540,204/362,M2039,52:04,51:28,8:17
541,89/448,F2039,52:13,51:30,8:18
542,10/46,M6069,52:18,51:30,8:18
543,90/448,F2039,52:12,51:31,8:18
544,205/362,M2039,52:51,51:31,8:18
545,128/256,M4049,51:55,51:32,8:18
546,206/362,M2039,51:49,51:33,8:18
547,91/448,F2039,51:42,51:34,8:18
548,92/448,F2039,52:28,51:35,8:19
549,207/362,M2039,52:06,51:37,8:19
550,34/186,F4049,51:51,51:38,8:19
551,93/448,F2039,51:55,51:40,8:19
552,94/448,F2039,51:54,51:40,8:19
553,208/362,M2039,52:51,51:40,8:19
554,95/448,F2039,52:15,51:42,8:20
555,96/448,F2039,52:14,51:42,8:20
556,35/186,F4049,52:34,51:42,8:20
557,36/186,F4049,52:40,51:42,8:20
558,60/171,M5059,52:15,51:42,8:20
559,97/448,F2039,51:56,51:43,8:20
560,11/46,M6069,52:45,51:43,8:20
561,209/362,M2039,52:24,51:44,8:20
562,61/171,M5059,52:42,51:44,8:20
563,129/256,M4049,53:12,51:46,8:20
564,37/186,F4049,52:27,51:47,8:20
565,62/171,M5059,52:46,51:49,8:21
566,98/448,F2039,53:17,51:49,8:21
567,210/362,M2039,53:25,51:50,8:21
568,99/448,F2039,52:03,51:50,8:21
569,63/171,M5059,52:14,51:50,8:21
570,100/448,F2039,52:15,51:51,8:21
571,130/256,M4049,52:35,51:52,8:21
572,101/448,F2039,52:39,51:53,8:21
573,7/22,M0119,51:58,51:54,8:22
574,102/448,F2039,52:44,51:55,8:22
575,12/46,M6069,52:56,51:59,8:22
576,211/362,M2039,52:31,52:01,8:23
577,38/186,F4049,52:18,52:02,8:23
578,103/448,F2039,52:36,52:03,8:23
579,212/362,M2039,52:24,52:04,8:23
580,131/256,M4049,52:10,52:04,8:23
581,13/46,M6069,52:13,52:06,8:23
582,104/448,F2039,52:16,52:08,8:24
583,105/448,F2039,52:52,52:09,8:24
584,213/362,M2039,53:04,52:09,8:24
585,39/186,F4049,52:58,52:11,8:24
586,132/256,M4049,52:33,52:11,8:24
587,106/448,F2039,52:56,52:13,8:25
588,8/22,M0119,52:51,52:14,8:25
589,133/256,M4049,52:54,52:17,8:25
590,107/448,F2039,52:26,52:20,8:26
591,108/448,F2039,52:29,52:23,8:26
592,109/448,F2039,53:13,52:24,8:26
593,214/362,M2039,52:29,52:24,8:26
594,110/448,F2039,53:18,52:24,8:26
595,5/64,F5059,53:16,52:26,8:27
596,40/186,F4049,53:44,52:26,8:27
597,215/362,M2039,52:48,52:27,8:27
598,134/256,M4049,52:31,52:27,8:27
599,41/186,F4049,53:04,52:27,8:27
600,111/448,F2039,53:24,52:28,8:27
601,14/46,M6069,52:44,52:28,8:27
602,64/171,M5059,54:01,52:29,8:27
603,65/171,M5059,52:54,52:31,8:28
604,112/448,F2039,52:48,52:33,8:28
605,216/362,M2039,53:26,52:34,8:28
606,6/64,F5059,53:18,52:36,8:28
607,113/448,F2039,53:55,52:36,8:28
608,66/171,M5059,53:30,52:36,8:28
609,114/448,F2039,53:40,52:37,8:28
610,135/256,M4049,52:53,52:37,8:29
611,217/362,M2039,54:10,52:39,8:29
612,7/64,F5059,53:30,52:39,8:29
613,115/448,F2039,53:43,52:39,8:29
614,116/448,F2039,53:10,52:39,8:29
616,117/448,F2039,53:14,52:40,8:29
617,42/186,F4049,53:29,52:40,8:29
618,118/448,F2039,53:20,52:41,8:29
619,67/171,M5059,54:04,52:41,8:29
620,218/362,M2039,53:21,52:42,8:29
621,219/362,M2039,53:23,52:42,8:29
622,119/448,F2039,53:29,52:42,8:29
623,220/362,M2039,53:37,52:44,8:30
624,136/256,M4049,52:53,52:44,8:30
625,120/448,F2039,54:06,52:44,8:30
626,137/256,M4049,53:03,52:46,8:30
627,68/171,M5059,53:37,52:49,8:30
628,138/256,M4049,53:28,52:49,8:30
629,121/448,F2039,53:41,52:51,8:31
630,221/362,M2039,53:51,52:52,8:31
631,139/256,M4049,54:17,52:52,8:31
632,222/362,M2039,53:34,52:54,8:31
633,43/186,F4049,53:45,52:54,8:31
634,69/171,M5059,54:03,52:54,8:31
635,70/171,M5059,53:42,52:55,8:31
636,122/448,F2039,54:15,52:56,8:32
637,123/448,F2039,54:11,52:58,8:32
638,223/362,M2039,54:19,52:59,8:32
639,124/448,F2039,53:57,53:03,8:33
640,71/171,M5059,53:18,53:06,8:33
641,224/362,M2039,54:09,53:08,8:34
642,140/256,M4049,54:24,53:09,8:34
643,141/256,M4049,53:42,53:10,8:34
644,72/171,M5059,53:39,53:10,8:34
645,125/448,F2039,53:28,53:10,8:34
646,142/256,M4049,54:11,53:10,8:34
647,143/256,M4049,54:05,53:12,8:34
648,144/256,M4049,54:11,53:13,8:34
649,44/186,F4049,53:32,53:13,8:34
650,225/362,M2039,53:42,53:18,8:35
651,126/448,F2039,53:26,53:18,8:35
652,127/448,F2039,53:26,53:18,8:35
653,128/448,F2039,53:25,53:20,8:35
654,45/186,F4049,54:09,53:21,8:35
655,73/171,M5059,53:48,53:21,8:36
656,145/256,M4049,53:59,53:21,8:36
657,226/362,M2039,54:00,53:22,8:36
658,129/448,F2039,53:28,53:22,8:36
659,130/448,F2039,54:27,53:23,8:36
660,146/256,M4049,53:58,53:25,8:36
661,46/186,F4049,54:02,53:28,8:37
662,47/186,F4049,53:46,53:28,8:37
663,227/362,M2039,53:47,53:31,8:37
664,131/448,F2039,53:47,53:31,8:37
665,74/171,M5059,54:26,53:32,8:37
666,228/362,M2039,54:39,53:33,8:37
667,229/362,M2039,54:49,53:33,8:38
668,75/171,M5059,54:24,53:34,8:38
669,48/186,F4049,54:12,53:34,8:38
670,132/448,F2039,54:29,53:34,8:38
671,147/256,M4049,54:39,53:35,8:38
672,49/186,F4049,53:57,53:36,8:38
673,15/46,M6069,54:03,53:36,8:38
674,133/448,F2039,54:21,53:36,8:38
675,16/46,M6069,54:00,53:37,8:38
676,148/256,M4049,54:23,53:38,8:38
677,230/362,M2039,53:45,53:38,8:38
678,231/362,M2039,53:59,53:38,8:38
679,76/171,M5059,53:55,53:39,8:38
680,149/256,M4049,54:44,53:41,8:39
681,77/171,M5059,54:25,53:42,8:39
682,232/362,M2039,54:16,53:43,8:39
683,233/362,M2039,54:01,53:44,8:39
684,78/171,M5059,54:14,53:44,8:39
685,150/256,M4049,55:00,53:45,8:39
686,79/171,M5059,54:29,53:45,8:39
687,234/362,M2039,54:25,53:48,8:40
688,151/256,M4049,54:25,53:49,8:40
689,235/362,M2039,54:21,53:50,8:40
690,50/186,F4049,54:08,53:50,8:40
691,4/20,F0119,54:09,53:51,8:40
693,236/362,M2039,54:32,53:55,8:41
694,17/46,M6069,54:26,53:55,8:41
695,8/64,F5059,55:26,53:55,8:41
696,237/362,M2039,54:56,53:56,8:41
697,80/171,M5059,54:26,53:58,8:41
698,81/171,M5059,54:46,53:59,8:42
699,134/448,F2039,55:21,54:00,8:42
700,51/186,F4049,54:38,54:00,8:42
701,152/256,M4049,54:31,54:00,8:42
702,82/171,M5059,54:26,54:01,8:42
703,135/448,F2039,55:03,54:01,8:42
704,238/362,M2039,55:02,54:01,8:42
705,136/448,F2039,54:52,54:02,8:42
706,137/448,F2039,54:46,54:02,8:42
707,52/186,F4049,54:50,54:05,8:43
708,83/171,M5059,55:28,54:07,8:43
709,239/362,M2039,55:24,54:08,8:43
710,240/362,M2039,54:54,54:09,8:43
711,84/171,M5059,54:58,54:09,8:43
712,241/362,M2039,55:41,54:10,8:43
713,5/20,F0119,54:23,54:10,8:43
714,138/448,F2039,54:39,54:10,8:43
715,85/171,M5059,54:24,54:11,8:44
716,139/448,F2039,54:30,54:12,8:44
717,86/171,M5059,55:06,54:12,8:44
719,53/186,F4049,54:21,54:17,8:45
720,242/362,M2039,55:01,54:18,8:45
721,140/448,F2039,55:01,54:18,8:45
722,141/448,F2039,55:13,54:21,8:45
723,243/362,M2039,55:01,54:22,8:45
724,54/186,F4049,55:31,54:22,8:45
725,142/448,F2039,55:06,54:22,8:45
726,143/448,F2039,54:35,54:23,8:46
727,244/362,M2039,54:36,54:23,8:46
728,245/362,M2039,55:45,54:24,8:46
729,246/362,M2039,54:29,54:24,8:46
730,153/256,M4049,54:47,54:24,8:46
731,154/256,M4049,54:37,54:25,8:46
732,247/362,M2039,55:11,54:27,8:46
733,144/448,F2039,55:11,54:27,8:46
734,155/256,M4049,55:29,54:27,8:46
735,145/448,F2039,55:49,54:27,8:46
736,146/448,F2039,54:53,54:29,8:47
737,156/256,M4049,55:08,54:30,8:47
738,248/362,M2039,55:33,54:31,8:47
739,249/362,M2039,55:06,54:31,8:47
740,157/256,M4049,55:07,54:33,8:47
741,55/186,F4049,55:11,54:34,8:47
742,147/448,F2039,54:40,54:34,8:47
743,148/448,F2039,55:16,54:35,8:47
744,56/186,F4049,55:34,54:35,8:47
745,149/448,F2039,54:41,54:35,8:48
746,9/64,F5059,54:52,54:39,8:48
747,158/256,M4049,55:15,54:39,8:48
748,159/256,M4049,54:41,54:39,8:48
749,250/362,M2039,56:08,54:43,8:49
750,57/186,F4049,55:04,54:44,8:49
751,150/448,F2039,55:16,54:46,8:49
752,58/186,F4049,55:05,54:46,8:49
753,160/256,M4049,55:34,54:47,8:49
754,9/22,M0119,55:34,54:47,8:49
755,151/448,F2039,55:26,54:48,8:50
756,87/171,M5059,55:43,54:48,8:50
757,10/22,M0119,56:04,54:49,8:50
758,251/362,M2039,54:56,54:49,8:50
759,161/256,M4049,54:56,54:49,8:50
760,152/448,F2039,55:49,54:51,8:50
761,88/171,M5059,56:01,54:52,8:50
762,162/256,M4049,55:29,54:53,8:50
763,89/171,M5059,55:29,54:54,8:50
764,252/362,M2039,56:16,54:55,8:51
765,90/171,M5059,55:16,54:55,8:51
766,153/448,F2039,55:49,54:57,8:51
767,253/362,M2039,55:23,54:58,8:51
768,59/186,F4049,55:17,54:59,8:51
769,254/362,M2039,55:12,54:59,8:51
770,60/186,F4049,55:05,54:59,8:51
771,154/448,F2039,55:04,55:00,8:52
772,163/256,M4049,55:10,55:00,8:52
773,164/256,M4049,55:56,55:02,8:52
774,155/448,F2039,56:31,55:02,8:52
775,255/362,M2039,56:09,55:02,8:52
776,165/256,M4049,55:30,55:03,8:52
777,166/256,M4049,55:40,55:04,8:52
778,91/171,M5059,55:33,55:06,8:52
779,10/64,F5059,56:13,55:06,8:52
780,167/256,M4049,55:42,55:08,8:53
781,61/186,F4049,55:52,55:08,8:53
782,256/362,M2039,55:17,55:08,8:53
783,156/448,F2039,55:17,55:09,8:53
784,168/256,M4049,56:06,55:12,8:53
785,157/448,F2039,55:52,55:14,8:54
786,18/46,M6069,56:17,55:14,8:54
787,92/171,M5059,55:36,55:15,8:54
788,93/171,M5059,56:36,55:15,8:54
789,158/448,F2039,55:32,55:17,8:54
790,257/362,M2039,55:32,55:18,8:54
791,258/362,M2039,55:53,55:19,8:55
792,159/448,F2039,56:08,55:19,8:55
793,62/186,F4049,55:57,55:19,8:55
794,63/186,F4049,56:19,55:20,8:55
795,259/362,M2039,55:34,55:20,8:55
796,64/186,F4049,56:59,55:23,8:55
797,160/448,F2039,56:16,55:26,8:56
798,161/448,F2039,56:50,55:26,8:56
799,65/186,F4049,55:53,55:29,8:56
800,162/448,F2039,56:30,55:29,8:56
801,163/448,F2039,55:42,55:29,8:56
802,169/256,M4049,55:44,55:30,8:56
804,94/171,M5059,56:34,55:31,8:57
805,164/448,F2039,56:46,55:32,8:57
806,260/362,M2039,56:15,55:32,8:57
807,165/448,F2039,56:15,55:33,8:57
808,95/171,M5059,56:02,55:33,8:57
809,166/448,F2039,56:02,55:33,8:57
810,261/362,M2039,56:04,55:34,8:57
811,170/256,M4049,56:52,55:34,8:57
812,66/186,F4049,56:37,55:34,8:57
813,171/256,M4049,56:09,55:34,8:57
814,67/186,F4049,56:30,55:35,8:57
815,68/186,F4049,56:00,55:36,8:57
816,69/186,F4049,56:40,55:37,8:57
817,167/448,F2039,56:19,55:37,8:57
818,70/186,F4049,56:40,55:37,8:57
819,262/362,M2039,56:19,55:37,8:57
820,168/448,F2039,56:06,55:38,8:58
821,71/186,F4049,57:03,55:38,8:58
822,11/64,F5059,56:03,55:39,8:58
823,169/448,F2039,56:25,55:41,8:58
824,170/448,F2039,56:54,55:41,8:58
825,96/171,M5059,56:14,55:42,8:58
827,97/171,M5059,56:51,55:44,8:59
828,171/448,F2039,56:22,55:44,8:59
829,172/448,F2039,56:20,55:45,8:59
830,172/256,M4049,56:26,55:45,8:59
831,263/362,M2039,56:49,55:46,8:59
832,264/362,M2039,55:57,55:46,8:59
833,173/448,F2039,56:39,55:48,8:59
834,174/448,F2039,56:58,55:48,8:59
835,175/448,F2039,56:46,55:49,8:59
836,265/362,M2039,56:52,55:49,8:59
837,173/256,M4049,56:25,55:49,8:59
838,176/448,F2039,56:13,55:50,9:00
839,72/186,F4049,56:30,55:50,9:00
840,266/362,M2039,56:55,55:51,9:00
841,73/186,F4049,56:30,55:51,9:00
842,174/256,M4049,56:47,55:51,9:00
843,177/448,F2039,55:52,55:52,9:00
844,175/256,M4049,56:39,55:52,9:00
845,178/448,F2039,56:42,55:54,9:00
846,98/171,M5059,56:55,55:54,9:00
847,267/362,M2039,56:37,55:54,9:00
848,179/448,F2039,55:55,55:55,9:00
849,268/362,M2039,57:13,55:57,9:01
850,180/448,F2039,56:20,55:58,9:01
851,99/171,M5059,57:36,56:00,9:01
852,181/448,F2039,57:02,56:00,9:01
853,74/186,F4049,56:41,56:01,9:01
854,176/256,M4049,57:17,56:04,9:02
855,177/256,M4049,57:17,56:04,9:02
856,100/171,M5059,56:29,56:04,9:02
857,182/448,F2039,57:45,56:07,9:02
858,183/448,F2039,57:34,56:08,9:02
859,101/171,M5059,56:55,56:10,9:03
860,269/362,M2039,57:15,56:11,9:03
861,102/171,M5059,57:48,56:11,9:03
862,270/362,M2039,56:23,56:16,9:04
863,12/64,F5059,57:08,56:16,9:04
865,184/448,F2039,57:24,56:21,9:05
866,178/256,M4049,56:23,56:23,9:05
867,185/448,F2039,58:01,56:23,9:05
868,186/448,F2039,58:01,56:24,9:05
870,103/171,M5059,56:38,56:27,9:05
871,104/171,M5059,56:54,56:27,9:05
872,179/256,M4049,57:06,56:27,9:06
873,105/171,M5059,57:34,56:27,9:06
874,187/448,F2039,57:34,56:27,9:06
875,188/448,F2039,57:20,56:27,9:06
876,106/171,M5059,56:30,56:29,9:06
877,180/256,M4049,57:17,56:30,9:06
878,271/362,M2039,56:42,56:30,9:06
879,272/362,M2039,58:10,56:30,9:06
880,189/448,F2039,57:31,56:31,9:06
881,273/362,M2039,56:45,56:33,9:06
882,274/362,M2039,57:52,56:36,9:07
883,75/186,F4049,56:58,56:36,9:07
884,275/362,M2039,57:02,56:36,9:07
885,19/46,M6069,57:32,56:39,9:07
886,190/448,F2039,57:32,56:39,9:07
887,181/256,M4049,57:30,56:39,9:07
888,191/448,F2039,56:53,56:39,9:07
889,192/448,F2039,57:20,56:41,9:08
890,76/186,F4049,57:27,56:42,9:08
891,182/256,M4049,57:25,56:42,9:08
892,183/256,M4049,57:02,56:42,9:08
894,77/186,F4049,57:30,56:44,9:08
895,276/362,M2039,56:52,56:44,9:08
896,20/46,M6069,57:36,56:44,9:08
897,193/448,F2039,57:01,56:44,9:08
898,194/448,F2039,57:51,56:45,9:08
899,195/448,F2039,56:58,56:46,9:09
900,184/256,M4049,57:18,56:46,9:09
901,185/256,M4049,57:41,56:47,9:09
902,186/256,M4049,56:48,56:48,9:09
903,277/362,M2039,57:39,56:48,9:09
904,187/256,M4049,57:39,56:49,9:09
905,196/448,F2039,57:48,56:50,9:09
906,197/448,F2039,58:06,56:51,9:09
907,188/256,M4049,58:05,56:51,9:09
908,198/448,F2039,58:28,56:52,9:10
909,278/362,M2039,58:02,56:53,9:10
910,189/256,M4049,57:45,56:55,9:10
911,279/362,M2039,57:17,56:55,9:10
912,78/186,F4049,57:49,56:55,9:10
913,107/171,M5059,57:41,56:56,9:10
914,6/20,F0119,57:20,56:56,9:10
915,199/448,F2039,57:18,56:56,9:10
916,190/256,M4049,57:51,56:58,9:11
917,200/448,F2039,58:10,56:59,9:11
918,191/256,M4049,57:33,56:59,9:11
919,79/186,F4049,58:12,56:59,9:11
920,192/256,M4049,57:37,57:01,9:11
921,280/362,M2039,58:08,57:03,9:11
922,201/448,F2039,58:08,57:03,9:11
923,202/448,F2039,57:43,57:04,9:11
924,21/46,M6069,57:43,57:04,9:11
925,13/64,F5059,58:18,57:06,9:12
926,14/64,F5059,58:18,57:06,9:12
927,203/448,F2039,58:19,57:06,9:12
928,281/362,M2039,58:37,57:06,9:12
930,282/362,M2039,58:05,57:07,9:12
931,80/186,F4049,57:42,57:07,9:12
932,193/256,M4049,57:16,57:08,9:12
933,283/362,M2039,57:59,57:09,9:12
934,81/186,F4049,57:26,57:09,9:12
935,204/448,F2039,58:08,57:10,9:12
936,284/362,M2039,57:48,57:10,9:12
937,82/186,F4049,57:25,57:11,9:13
938,108/171,M5059,57:29,57:11,9:13
939,205/448,F2039,57:11,57:11,9:13
940,206/448,F2039,57:40,57:12,9:13
941,207/448,F2039,58:42,57:12,9:13
942,109/171,M5059,58:57,57:14,9:13
943,194/256,M4049,58:20,57:15,9:13
944,285/362,M2039,58:58,57:15,9:13
945,208/448,F2039,58:11,57:15,9:13
946,209/448,F2039,58:27,57:16,9:13
947,110/171,M5059,58:13,57:16,9:13
948,286/362,M2039,58:54,57:21,9:14
949,210/448,F2039,59:01,57:22,9:14
950,211/448,F2039,58:03,57:22,9:14
951,212/448,F2039,59:05,57:23,9:15
952,213/448,F2039,58:17,57:26,9:15
953,22/46,M6069,58:47,57:28,9:15
954,214/448,F2039,58:44,57:29,9:15
955,215/448,F2039,58:32,57:29,9:16
956,195/256,M4049,58:07,57:30,9:16
958,216/448,F2039,58:32,57:31,9:16
959,217/448,F2039,58:35,57:31,9:16
961,218/448,F2039,59:13,57:34,9:16
962,219/448,F2039,58:18,57:35,9:16
963,220/448,F2039,57:55,57:36,9:17
964,287/362,M2039,58:59,57:36,9:17
965,83/186,F4049,59:06,57:37,9:17
966,196/256,M4049,58:59,57:37,9:17
967,221/448,F2039,58:21,57:38,9:17
968,15/64,F5059,57:47,57:38,9:17
969,222/448,F2039,57:45,57:38,9:17
970,16/64,F5059,57:45,57:40,9:17
971,84/186,F4049,58:43,57:40,9:17
972,111/171,M5059,57:56,57:40,9:17
973,288/362,M2039,59:00,57:42,9:18
974,289/362,M2039,58:07,57:43,9:18
975,290/362,M2039,58:44,57:44,9:18
976,223/448,F2039,58:42,57:45,9:18
977,291/362,M2039,58:13,57:47,9:18
978,85/186,F4049,58:12,57:47,9:18
979,197/256,M4049,57:54,57:48,9:18
982,292/362,M2039,58:18,57:50,9:19
983,293/362,M2039,59:14,57:50,9:19
984,23/46,M6069,58:23,57:51,9:19
985,198/256,M4049,59:04,57:51,9:19
986,294/362,M2039,59:15,57:51,9:19
987,224/448,F2039,59:15,57:51,9:19
988,112/171,M5059,58:43,57:52,9:19
989,11/22,M0119,58:19,57:53,9:19
990,225/448,F2039,58:49,57:53,9:19
991,295/362,M2039,59:11,57:53,9:19
992,226/448,F2039,59:12,57:53,9:19
993,24/46,M6069,59:14,57:56,9:20
994,86/186,F4049,58:23,57:56,9:20
995,227/448,F2039,58:59,57:57,9:20
996,228/448,F2039,58:39,57:57,9:20
998,296/362,M2039,58:44,57:59,9:20
999,199/256,M4049,59:17,57:59,9:20
1000,229/448,F2039,59:19,58:00,9:21
1001,113/171,M5059,58:50,58:01,9:21
1002,230/448,F2039,59:17,58:02,9:21
1003,231/448,F2039,58:25,58:03,9:21
1004,297/362,M2039,59:20,58:05,9:21
1005,114/171,M5059,59:28,58:14,9:23
1006,232/448,F2039,59:35,58:15,9:23
1007,233/448,F2039,59:03,58:15,9:23
1008,234/448,F2039,58:55,58:15,9:23
1009,115/171,M5059,59:34,58:16,9:23
1010,235/448,F2039,59:43,58:17,9:23
1011,116/171,M5059,59:26,58:17,9:23
1012,17/64,F5059,59:48,58:19,9:24
1013,87/186,F4049,59:14,58:19,9:24
1014,236/448,F2039,59:11,58:20,9:24
1015,298/362,M2039,58:22,58:20,9:24
1016,237/448,F2039,59:20,58:21,9:24
1017,238/448,F2039,59:21,58:22,9:24
1018,239/448,F2039,59:12,58:23,9:24
1019,200/256,M4049,59:34,58:23,9:24
1020,299/362,M2039,59:16,58:24,9:24
1021,240/448,F2039,59:23,58:25,9:24
1022,241/448,F2039,59:35,58:25,9:24
1023,201/256,M4049,58:38,58:27,9:25
1024,242/448,F2039,59:35,58:28,9:25
1025,12/22,M0119,59:22,58:29,9:25
1026,202/256,M4049,1:00:04,58:29,9:25
1027,243/448,F2039,58:54,58:29,9:25
1028,244/448,F2039,59:53,58:30,9:25
1029,2/10,F6069,59:11,58:31,9:25
1030,245/448,F2039,1:00:07,58:32,9:26
1031,88/186,F4049,59:43,58:33,9:26
1032,89/186,F4049,59:40,58:34,9:26
1033,18/64,F5059,58:41,58:35,9:26
1034,117/171,M5059,59:36,58:35,9:26
1035,13/22,M0119,59:36,58:36,9:26
1036,246/448,F2039,59:35,58:37,9:26
1037,118/171,M5059,58:58,58:38,9:27
1038,19/64,F5059,59:15,58:38,9:27
1039,247/448,F2039,59:18,58:38,9:27
1040,203/256,M4049,59:51,58:38,9:27
1041,248/448,F2039,59:51,58:39,9:27
1042,90/186,F4049,59:51,58:39,9:27
1043,249/448,F2039,59:27,58:39,9:27
1044,300/362,M2039,59:38,58:40,9:27
1045,3/10,F6069,59:49,58:40*,9:27
1046,204/256,M4049,59:21,58:41,9:27
1047,91/186,F4049,59:00,58:42,9:27
1048,92/186,F4049,59:29,58:43,9:27
1049,4/10,F6069,58:54,58:44,9:27
1050,25/46,M6069,59:21,58:46,9:28
1051,301/362,M2039,59:59,58:49,9:28
1052,26/46,M6069,59:46,58:50,9:28
1053,119/171,M5059,1:00:33,58:50,9:29
1054,250/448,F2039,1:00:13,58:51,9:29
1055,302/362,M2039,1:00:13,58:51,9:29
1056,93/186,F4049,59:46,58:53,9:29
1057,120/171,M5059,59:46,58:53,9:29
1058,251/448,F2039,1:00:30,58:53,9:29
1059,303/362,M2039,58:59,58:54,9:29
1060,304/362,M2039,1:00:31,58:54,9:29
1062,94/186,F4049,1:00:12,58:58,9:30
1063,121/171,M5059,59:45,58:59,9:30
1064,252/448,F2039,59:56,59:00,9:30
1065,20/64,F5059,1:00:09,59:01,9:30
1066,27/46,M6069,1:00:00,59:02,9:30
1067,95/186,F4049,1:00:29,59:02,9:30
1068,96/186,F4049,1:00:26,59:02,9:30
1069,253/448,F2039,1:00:05,59:03,9:31
1070,254/448,F2039,1:00:33,59:03,9:31
1071,7/20,F0119,1:00:29,59:04,9:31
1072,97/186,F4049,1:00:32,59:04,9:31
1073,205/256,M4049,59:29,59:05,9:31
1074,8/20,F0119,1:00:30,59:05,9:31
1075,305/362,M2039,1:00:09,59:06,9:31
1076,122/171,M5059,59:55,59:06,9:31
1077,28/46,M6069,1:00:03,59:07,9:31
1078,98/186,F4049,1:00:34,59:07,9:31
1079,306/362,M2039,1:00:14,59:08,9:31
1080,307/362,M2039,1:00:40,59:08,9:31
1081,14/22,M0119,59:57,59:10,9:32
1082,99/186,F4049,59:53,59:10,9:32
1083,255/448,F2039,1:00:36,59:10,9:32
1084,256/448,F2039,1:00:05,59:11,9:32
1085,308/362,M2039,1:00:05,59:11,9:32
1086,257/448,F2039,1:00:37,59:11,9:32
1087,100/186,F4049,1:00:25,59:12,9:32
1088,309/362,M2039,59:39,59:16,9:33
1089,258/448,F2039,1:00:26,59:16,9:33
1090,259/448,F2039,1:00:34,59:16,9:33
1091,260/448,F2039,1:00:26,59:16,9:33
1092,310/362,M2039,1:00:33,59:18,9:33
1093,261/448,F2039,1:00:33,59:18,9:33
1094,101/186,F4049,1:00:50,59:18,9:33
1095,102/186,F4049,1:00:51,59:19,9:33
1096,206/256,M4049,1:00:36,59:22,9:34
1097,262/448,F2039,1:00:53,59:23,9:34
1098,207/256,M4049,1:00:49,59:24,9:34
1099,208/256,M4049,59:51,59:25,9:34
1100,209/256,M4049,1:00:55,59:25,9:34
1101,263/448,F2039,1:00:56,59:26,9:34
1103,311/362,M2039,59:58,59:27,9:34
1104,264/448,F2039,1:00:35,59:28,9:35
1105,265/448,F2039,1:00:58,59:28,9:35
1106,266/448,F2039,1:01:02,59:29,9:35
1107,267/448,F2039,59:58,59:29,9:35
1108,21/64,F5059,59:57,59:30,9:35
1109,312/362,M2039,1:00:04,59:31,9:35
1110,268/448,F2039,1:00:16,59:32,9:35
1111,313/362,M2039,1:00:32,59:33,9:35
1112,269/448,F2039,1:00:32,59:34,9:36
1113,22/64,F5059,1:00:35,59:36,9:36
1114,103/186,F4049,1:00:23,59:36,9:36
1115,29/46,M6069,1:01:07,59:38,9:36
1116,210/256,M4049,1:00:11,59:38,9:36
1117,270/448,F2039,1:01:12,59:40,9:36
1118,104/186,F4049,1:01:07,59:40,9:37
1119,211/256,M4049,1:00:14,59:40,9:37
1120,123/171,M5059,1:00:37,59:40,9:37
1121,105/186,F4049,59:43,59:43,9:37
1122,23/64,F5059,1:00:14,59:44,9:37
1123,271/448,F2039,1:00:13,59:44,9:37
1124,272/448,F2039,1:01:21,59:45,9:37
1125,106/186,F4049,1:01:15,59:47,9:38
1126,24/64,F5059,1:00:57,59:48,9:38
1127,107/186,F4049,1:00:57,59:49,9:38
1128,273/448,F2039,1:00:12,59:49,9:38
1129,314/362,M2039,1:00:12,59:49,9:38
1130,274/448,F2039,1:00:20,59:52,9:38
1131,275/448,F2039,1:00:41,59:52,9:39
1132,315/362,M2039,1:00:11,59:53,9:39
1133,108/186,F4049,1:01:13,59:55,9:39
1134,212/256,M4049,1:00:27,59:57,9:39
1135,124/171,M5059,1:00:26,59:58,9:40
1136,276/448,F2039,1:00:56,59:59,9:40
1137,109/186,F4049,1:00:34,1:00:01,9:40
1138,316/362,M2039,1:01:40,1:00:01,9:40
1139,277/448,F2039,1:00:40,1:00:02,9:40
1140,110/186,F4049,1:00:48,1:00:03,9:40
1141,111/186,F4049,1:01:06,1:00:03,9:40
1142,278/448,F2039,1:01:15,1:00:04,9:40
1144,317/362,M2039,1:01:30,1:00:06,9:41
1145,279/448,F2039,1:01:34,1:00:07,9:41
1146,318/362,M2039,1:00:39,1:00:07,9:41
1147,5/10,F6069,1:00:41,1:00:08,9:41
1148,280/448,F2039,1:01:11,1:00:09,9:41
1149,281/448,F2039,1:01:18,1:00:13,9:42
1150,282/448,F2039,1:01:18,1:00:13,9:42
1151,319/362,M2039,1:00:25,1:00:13,9:42
1152,25/64,F5059,1:01:00,1:00:14,9:42
1153,320/362,M2039,1:00:54,1:00:16,9:42
1154,9/20,F0119,1:01:43,1:00:21,9:43
1155,112/186,F4049,1:00:55,1:00:22,9:43
1156,125/171,M5059,1:01:17,1:00:23,9:43
1157,10/20,F0119,1:01:22,1:00:25,9:44
1158,213/256,M4049,1:01:23,1:00:26,9:44
1159,283/448,F2039,1:02:05,1:00:26,9:44
1160,126/171,M5059,1:01:16,1:00:26,9:44
1161,284/448,F2039,1:02:00,1:00:26,9:44
1162,285/448,F2039,1:02:00,1:00:27,9:44
1163,15/22,M0119,1:01:50,1:00:27,9:44
1164,321/362,M2039,1:01:51,1:00:28,9:44
1165,286/448,F2039,1:00:57,1:00:28,9:44
1166,287/448,F2039,1:01:39,1:00:29,9:45
1167,288/448,F2039,1:01:41,1:00:29,9:45
1168,289/448,F2039,1:01:41,1:00:30,9:45
1169,290/448,F2039,1:01:51,1:00:32,9:45
1170,291/448,F2039,1:02:11,1:00:32,9:45
1171,292/448,F2039,1:01:08,1:00:32,9:45
1172,293/448,F2039,1:01:08,1:00:34,9:45
1173,11/20,F0119,1:01:01,1:00:35,9:45
1174,322/362,M2039,1:00:45,1:00:39,9:46
1176,127/171,M5059,1:02:07,1:00:42,9:46
1177,294/448,F2039,1:01:21,1:00:42,9:47
1179,295/448,F2039,1:02:14,1:00:43,9:47
1180,128/171,M5059,1:01:53,1:00:44,9:47
1182,113/186,F4049,1:01:59,1:00:45,9:47
1183,214/256,M4049,1:01:31,1:00:45,9:47
1184,296/448,F2039,1:00:51,1:00:46,9:47
1185,297/448,F2039,1:02:06,1:00:48,9:47
1186,323/362,M2039,1:01:30,1:00:48,9:47
1189,114/186,F4049,1:01:53,1:00:50,9:48
1190,215/256,M4049,1:01:47,1:00:50,9:48
1191,298/448,F2039,1:02:24,1:00:51,9:48
1192,129/171,M5059,1:02:18,1:00:53,9:48
1193,130/171,M5059,1:01:16,1:00:54,9:48
1194,299/448,F2039,1:02:30,1:00:55,9:49
1195,300/448,F2039,1:02:10,1:00:55,9:49
1196,324/362,M2039,1:01:57,1:00:55,9:49
1197,301/448,F2039,1:01:56,1:00:56,9:49
1198,302/448,F2039,1:02:16,1:00:56,9:49
1199,303/448,F2039,1:01:01,1:00:57,9:49
1201,2/11,M7099,1:01:05,1:01:00,9:49
1202,304/448,F2039,1:02:28,1:01:00,9:49
1203,115/186,F4049,1:02:05,1:01:03,9:50
1204,116/186,F4049,1:02:06,1:01:03,9:50
1205,305/448,F2039,1:02:31,1:01:07,9:51
1206,131/171,M5059,1:02:48,1:01:08,9:51
1207,216/256,M4049,1:01:46,1:01:08,9:51
1208,16/22,M0119,1:01:47,1:01:08,9:51
1209,117/186,F4049,1:01:40,1:01:09,9:51
1210,306/448,F2039,1:01:51,1:01:10,9:51
1211,118/186,F4049,1:02:39,1:01:11,9:51
1212,119/186,F4049,1:01:48,1:01:13,9:52
1213,17/22,M0119,1:02:16,1:01:14,9:52
1214,3/11,M7099,1:02:36,1:01:15,9:52
1215,307/448,F2039,1:02:28,1:01:17,9:52
1216,308/448,F2039,1:01:46,1:01:17,9:52
1217,325/362,M2039,1:02:39,1:01:18,9:52
1218,18/22,M0119,1:02:20,1:01:19,9:52
1219,309/448,F2039,1:01:27,1:01:21,9:53
1220,217/256,M4049,1:02:07,1:01:22,9:53
1221,132/171,M5059,1:02:45,1:01:24,9:53
1222,326/362,M2039,1:01:54,1:01:24,9:53
1223,310/448,F2039,1:03:03,1:01:24,9:53
1224,311/448,F2039,1:01:54,1:01:25,9:53
1225,312/448,F2039,1:03:03,1:01:26,9:54
1226,120/186,F4049,1:02:35,1:01:29,9:54
1227,313/448,F2039,1:02:15,1:01:29,9:54
1228,314/448,F2039,1:01:49,1:01:29,9:54
1229,121/186,F4049,1:02:59,1:01:29,9:54
1230,315/448,F2039,1:02:59,1:01:29,9:54
1231,327/362,M2039,1:03:01,1:01:33,9:55
1232,328/362,M2039,1:03:06,1:01:34,9:55
1233,316/448,F2039,1:03:06,1:01:35,9:55
1234,133/171,M5059,1:02:21,1:01:35,9:55
1235,122/186,F4049,1:03:02,1:01:37,9:55
1236,317/448,F2039,1:01:59,1:01:38,9:55
1238,329/362,M2039,1:02:37,1:01:40,9:56
1239,218/256,M4049,1:03:00,1:01:40,9:56
1240,330/362,M2039,1:02:38,1:01:41,9:56
1241,26/64,F5059,1:02:38,1:01:41,9:56
1242,318/448,F2039,1:02:50,1:01:43,9:56
1243,331/362,M2039,1:03:03,1:01:43,9:56
1244,319/448,F2039,1:03:08,1:01:44,9:56
1245,332/362,M2039,1:03:08,1:01:44,9:56
1247,219/256,M4049,1:03:10,1:01:44,9:57
1248,123/186,F4049,1:03:12,1:01:46,9:57
1249,134/171,M5059,1:02:56,1:01:46,9:57
1250,4/11,M7099,1:02:20,1:01:47,9:57
1251,124/186,F4049,1:03:09,1:01:49,9:57
1252,320/448,F2039,1:03:03,1:01:49,9:57
1253,321/448,F2039,1:03:01,1:01:49,9:57
1254,125/186,F4049,1:02:59,1:01:50,9:58
1255,220/256,M4049,1:02:42,1:01:51,9:58
1256,126/186,F4049,1:02:34,1:01:54,9:58
1257,322/448,F2039,1:02:52,1:01:55,9:58
1258,221/256,M4049,1:03:33,1:02:04,10:00
1259,27/64,F5059,1:03:21,1:02:07,10:00
1260,323/448,F2039,1:02:50,1:02:07,10:00
1261,127/186,F4049,1:03:07,1:02:08,10:00
1262,324/448,F2039,1:03:49,1:02:10,10:01
1263,325/448,F2039,1:03:28,1:02:15,10:02
1264,222/256,M4049,1:02:56,1:02:16,10:02
1265,30/46,M6069,1:03:34,1:02:16,10:02
1266,326/448,F2039,1:03:12,1:02:16,10:02
1267,327/448,F2039,1:03:18,1:02:16,10:02
1268,328/448,F2039,1:03:18,1:02:17,10:02
1269,329/448,F2039,1:03:01,1:02:18,10:02
1270,128/186,F4049,1:03:50,1:02:18,10:02
1271,129/186,F4049,1:03:30,1:02:19,10:02
1272,6/10,F6069,1:02:25,1:02:20,10:02
1273,330/448,F2039,1:02:42,1:02:20,10:02
1274,130/186,F4049,1:03:01,1:02:24,10:03
1275,135/171,M5059,1:02:57,1:02:24,10:03
1276,31/46,M6069,1:03:08,1:02:28,10:04
1278,331/448,F2039,1:03:02,1:02:30,10:04
1279,32/46,M6069,1:03:05,1:02:31,10:04
1280,332/448,F2039,1:03:04,1:02:33,10:04
1281,333/362,M2039,1:03:03,1:02:33,10:04
1282,334/362,M2039,1:04:13,1:02:35,10:05
1283,333/448,F2039,1:04:13,1:02:35,10:05
1284,334/448,F2039,1:02:55,1:02:35,10:05
1285,335/448,F2039,1:04:13,1:02:36,10:05
1286,336/448,F2039,1:04:17,1:02:36,10:05
1287,337/448,F2039,1:03:03,1:02:36,10:05
1288,12/20,F0119,1:02:47,1:02:37,10:05
1289,338/448,F2039,1:04:01,1:02:41,10:06
1290,131/186,F4049,1:03:42,1:02:41,10:06
1291,28/64,F5059,1:03:52,1:02:42,10:06
1292,335/362,M2039,1:03:34,1:02:42,10:06
1293,136/171,M5059,1:03:27,1:02:43,10:06
1294,339/448,F2039,1:03:17,1:02:46,10:06
1295,132/186,F4049,1:03:33,1:02:46,10:07
1296,340/448,F2039,1:04:24,1:02:46,10:07
1297,336/362,M2039,1:04:03,1:02:47,10:07
1298,341/448,F2039,1:03:10,1:02:49,10:07
1299,133/186,F4049,1:04:30,1:02:51,10:07
1300,134/186,F4049,1:03:39,1:02:51,10:07
1301,5/11,M7099,1:03:58,1:02:52,10:07
1302,13/20,F0119,1:04:31,1:02:53,10:08
1303,29/64,F5059,1:04:28,1:02:53,10:08
1304,223/256,M4049,1:04:31,1:02:53,10:08
1305,342/448,F2039,1:03:45,1:02:57,10:08
1306,14/20,F0119,1:04:24,1:02:58,10:08
1307,15/20,F0119,1:04:24,1:02:59,10:09
1308,135/186,F4049,1:04:22,1:03:00,10:09
1309,30/64,F5059,1:04:36,1:03:01,10:09
1310,343/448,F2039,1:03:47,1:03:02,10:09
1311,31/64,F5059,1:03:19,1:03:11,10:11
1312,344/448,F2039,1:03:54,1:03:12,10:11
1313,137/171,M5059,1:04:45,1:03:13,10:11
1314,345/448,F2039,1:04:05,1:03:16,10:11
1315,138/171,M5059,1:04:59,1:03:18,10:12
1316,139/171,M5059,1:04:55,1:03:21,10:12
1317,32/64,F5059,1:04:13,1:03:24,10:13
1318,136/186,F4049,1:03:51,1:03:26,10:13
1319,346/448,F2039,1:04:54,1:03:27,10:13
1320,140/171,M5059,1:04:54,1:03:28,10:13
1321,33/64,F5059,1:04:38,1:03:32,10:14
1322,337/362,M2039,1:04:55,1:03:35,10:14
1323,224/256,M4049,1:04:55,1:03:37,10:15
1324,338/362,M2039,1:04:33,1:03:37,10:15
1325,347/448,F2039,1:04:20,1:03:46,10:16
1326,33/46,M6069,1:04:12,1:03:47,10:16
1328,339/362,M2039,1:05:12,1:03:51,10:17
1329,141/171,M5059,1:04:26,1:03:53,10:17
1330,340/362,M2039,1:05:13,1:03:55,10:18
1331,341/362,M2039,1:04:37,1:03:58,10:18
1332,348/448,F2039,1:05:41,1:04:01,10:19
1333,225/256,M4049,1:04:39,1:04:02,10:19
1334,16/20,F0119,1:05:38,1:04:04,10:19
1335,226/256,M4049,1:05:09,1:04:04,10:19
1336,34/64,F5059,1:05:27,1:04:05,10:19
1337,227/256,M4049,1:04:51,1:04:05,10:19
1338,137/186,F4049,1:05:31,1:04:06,10:19
1339,138/186,F4049,1:05:43,1:04:09,10:20
1340,35/64,F5059,1:05:44,1:04:09,10:20
1341,349/448,F2039,1:04:52,1:04:11,10:20
1342,139/186,F4049,1:05:21,1:04:12,10:20
1343,350/448,F2039,1:05:20,1:04:14,10:21
1344,351/448,F2039,1:05:20,1:04:14,10:21
1345,352/448,F2039,1:05:20,1:04:15,10:21
1346,142/171,M5059,1:05:30,1:04:17,10:21
1347,353/448,F2039,1:05:29,1:04:17,10:21
1348,354/448,F2039,1:05:05,1:04:18,10:21
1349,228/256,M4049,1:05:42,1:04:21,10:22
1350,143/171,M5059,1:05:02,1:04:24,10:22
1351,229/256,M4049,1:06:00,1:04:29,10:23
1352,355/448,F2039,1:05:14,1:04:30,10:23
1353,342/362,M2039,1:05:51,1:04:31,10:23
1354,356/448,F2039,1:06:05,1:04:33,10:24
1355,230/256,M4049,1:06:06,1:04:34,10:24
1356,357/448,F2039,1:04:55,1:04:34,10:24
1357,140/186,F4049,1:05:53,1:04:37,10:24
1358,141/186,F4049,1:06:12,1:04:37,10:24
1359,142/186,F4049,1:05:51,1:04:42,10:25
1360,36/64,F5059,1:05:48,1:04:42,10:25
1361,231/256,M4049,1:05:01,1:04:45,10:26
1362,143/186,F4049,1:05:02,1:04:46,10:26
1363,358/448,F2039,1:05:25,1:04:48,10:26
1364,359/448,F2039,1:05:31,1:04:49,10:26
1365,360/448,F2039,1:05:27,1:04:50,10:26
1366,144/171,M5059,1:05:46,1:04:50,10:27
1367,361/448,F2039,1:06:13,1:04:50,10:27
1368,362/448,F2039,1:06:11,1:04:53,10:27
1369,232/256,M4049,1:05:29,1:04:55,10:27
1370,363/448,F2039,1:05:57,1:04:56,10:27
1371,364/448,F2039,1:05:57,1:04:56,10:27
1372,365/448,F2039,1:05:22,1:04:56,10:27
1373,233/256,M4049,1:06:02,1:04:57,10:28
1374,145/171,M5059,1:06:25,1:04:58,10:28
1375,144/186,F4049,1:06:13,1:05:02,10:28
1376,366/448,F2039,1:06:25,1:05:04,10:29
1377,34/46,M6069,1:06:30,1:05:06,10:29
1378,367/448,F2039,1:05:54,1:05:10,10:30
1379,234/256,M4049,1:06:39,1:05:10,10:30
1380,368/448,F2039,1:05:29,1:05:10,10:30
1382,369/448,F2039,1:06:24,1:05:14,10:30
1383,370/448,F2039,1:06:24,1:05:16,10:31
1384,371/448,F2039,1:06:24,1:05:16,10:31
1385,235/256,M4049,1:05:40,1:05:16,10:31
1386,236/256,M4049,1:06:36,1:05:18,10:31
1387,146/171,M5059,1:06:07,1:05:21,10:31
1388,147/171,M5059,1:06:07,1:05:22,10:32
1389,372/448,F2039,1:06:48,1:05:22,10:32
1390,35/46,M6069,1:06:49,1:05:22,10:32
1391,343/362,M2039,1:06:48,1:05:22,10:32
1392,373/448,F2039,1:06:11,1:05:22,10:32
1393,374/448,F2039,1:06:28,1:05:23,10:32
1394,36/46,M6069,1:06:28,1:05:23,10:32
1395,145/186,F4049,1:06:13,1:05:23,10:32
1396,148/171,M5059,1:06:09,1:05:26,10:32
1397,344/362,M2039,1:06:37,1:05:26,10:32
1398,149/171,M5059,1:06:34,1:05:26,10:32
1399,17/20,F0119,1:05:54,1:05:28,10:33
1400,375/448,F2039,1:06:10,1:05:28,10:33
1401,37/64,F5059,1:06:27,1:05:32,10:33
1403,376/448,F2039,1:06:15,1:05:33,10:33
1404,345/362,M2039,1:07:15,1:05:34,10:34
1406,237/256,M4049,1:06:17,1:05:35,10:34
1407,238/256,M4049,1:06:50,1:05:35,10:34
1408,146/186,F4049,1:06:08,1:05:37,10:34
1409,150/171,M5059,1:06:49,1:05:37,10:34
1410,147/186,F4049,1:06:28,1:05:40,10:34
1411,377/448,F2039,1:06:48,1:05:42,10:35
1412,378/448,F2039,1:06:44,1:05:42,10:35
1413,148/186,F4049,1:06:57,1:05:42,10:35
1414,379/448,F2039,1:06:50,1:05:44,10:35
1415,380/448,F2039,1:07:12,1:05:50,10:36
1416,381/448,F2039,1:07:04,1:05:55,10:37
1417,18/20,F0119,1:06:27,1:06:01,10:38
1418,239/256,M4049,1:06:53,1:06:02,10:38
1419,19/20,F0119,1:07:46,1:06:05,10:39
1420,382/448,F2039,1:07:23,1:06:06,10:39
1421,19/22,M0119,1:06:56,1:06:10,10:39
1422,149/186,F4049,1:07:31,1:06:14,10:40
1423,37/46,M6069,1:07:36,1:06:14,10:40
1424,383/448,F2039,1:06:59,1:06:15,10:40
1425,151/171,M5059,1:06:59,1:06:16,10:40
1426,150/186,F4049,1:07:24,1:06:21,10:41
1427,384/448,F2039,1:07:46,1:06:21,10:41
1428,385/448,F2039,1:07:25,1:06:22,10:41
1429,38/46,M6069,1:06:34,1:06:24,10:42
1430,38/64,F5059,1:07:38,1:06:29,10:42
1431,386/448,F2039,1:07:54,1:06:34,10:43
1432,387/448,F2039,1:07:48,1:06:35,10:43
1433,388/448,F2039,1:07:51,1:06:36,10:43
1434,39/64,F5059,1:07:31,1:06:38,10:44
1435,389/448,F2039,1:06:45,1:06:40,10:44
1436,390/448,F2039,1:07:19,1:06:42,10:44
1437,151/186,F4049,1:08:00,1:06:42,10:45
1438,152/186,F4049,1:07:51,1:06:47,10:45
1439,391/448,F2039,1:08:28,1:06:47,10:45
1440,20/22,M0119,1:07:01,1:06:47,10:45
1441,392/448,F2039,1:08:29,1:06:48,10:45
1442,346/362,M2039,1:08:22,1:06:48,10:45
1443,153/186,F4049,1:08:22,1:06:49,10:46
1444,154/186,F4049,1:07:28,1:06:51,10:46
1445,347/362,M2039,1:07:27,1:06:51,10:46
1446,240/256,M4049,1:08:03,1:06:52,10:46
1447,155/186,F4049,1:07:21,1:06:53,10:46
1448,348/362,M2039,1:07:29,1:06:55,10:47
1449,393/448,F2039,1:08:29,1:06:57,10:47
1450,7/10,F6069,1:07:23,1:07:01,10:48
1451,349/362,M2039,1:07:02,1:07:02,10:48
1452,350/362,M2039,1:07:41,1:07:03,10:48
1453,156/186,F4049,1:07:48,1:07:04,10:48
1454,394/448,F2039,1:07:43,1:07:07,10:48
1455,395/448,F2039,1:07:43,1:07:07,10:49
1456,157/186,F4049,1:08:25,1:07:08,10:49
1457,40/64,F5059,1:08:26,1:07:08,10:49
1458,158/186,F4049,1:08:26,1:07:09,10:49
1459,152/171,M5059,1:08:39,1:07:09,10:49
1460,41/64,F5059,1:08:47,1:07:12,10:49
1461,241/256,M4049,1:08:10,1:07:13,10:49
1462,39/46,M6069,1:08:41,1:07:14,10:50
1463,242/256,M4049,1:08:16,1:07:14,10:50
1464,159/186,F4049,1:08:45,1:07:15,10:50
1466,160/186,F4049,1:08:16,1:07:15,10:50
1467,42/64,F5059,1:08:49,1:07:18,10:50
1468,43/64,F5059,1:08:43,1:07:19,10:50
1469,44/64,F5059,1:08:44,1:07:20,10:51
1470,351/362,M2039,1:08:18,1:07:23,10:51
1471,45/64,F5059,1:08:38,1:07:24,10:51
1472,352/362,M2039,1:08:06,1:07:27,10:52
1473,396/448,F2039,1:08:30,1:07:29,10:52
1474,161/186,F4049,1:08:50,1:07:34,10:53
1475,162/186,F4049,1:08:55,1:07:39,10:54
1476,353/362,M2039,1:08:49,1:07:40,10:54
1477,153/171,M5059,1:08:15,1:07:44,10:54
1478,397/448,F2039,1:08:12,1:07:54,10:56
1479,46/64,F5059,1:09:22,1:07:54,10:56
1481,163/186,F4049,1:09:36,1:08:09,10:58
1482,8/10,F6069,1:08:34,1:08:09,10:59
1483,398/448,F2039,1:09:25,1:08:10,10:59
1484,354/362,M2039,1:09:25,1:08:11,10:59
1485,154/171,M5059,1:09:02,1:08:12,10:59
1486,355/362,M2039,1:08:50,1:08:15,10:59
1487,399/448,F2039,1:08:47,1:08:16,11:00
1488,21/22,M0119,1:09:03,1:08:16,11:00
1489,164/186,F4049,1:09:41,1:08:17,11:00
1490,356/362,M2039,1:09:45,1:08:17,11:00
1491,400/448,F2039,1:09:20,1:08:17,11:00
1492,165/186,F4049,1:09:46,1:08:17,11:00
1493,166/186,F4049,1:09:39,1:08:18,11:00
1494,401/448,F2039,1:09:38,1:08:18,11:00
1495,357/362,M2039,1:09:01,1:08:21,11:00
1496,402/448,F2039,1:09:02,1:08:21,11:00
1497,167/186,F4049,1:09:59,1:08:30,11:02
1498,168/186,F4049,1:08:59,1:08:32,11:02
1499,47/64,F5059,1:09:31,1:08:33,11:02
1500,48/64,F5059,1:09:48,1:08:34,11:03
1501,403/448,F2039,1:09:34,1:08:35,11:03
1502,49/64,F5059,1:09:48,1:08:47,11:05
1503,404/448,F2039,1:09:43,1:08:48,11:05
1504,243/256,M4049,1:10:24,1:08:52,11:05
1505,169/186,F4049,1:10:25,1:08:53,11:05
1506,170/186,F4049,1:10:25,1:08:53,11:06
1507,405/448,F2039,1:10:38,1:09:01,11:07
1508,155/171,M5059,1:10:38,1:09:01,11:07
1509,244/256,M4049,1:09:57,1:09:04,11:07
1510,406/448,F2039,1:10:45,1:09:07,11:08
1511,50/64,F5059,1:10:53,1:09:08,11:08
1512,171/186,F4049,1:10:17,1:09:10,11:08
1513,407/448,F2039,1:09:10,1:09:10,11:08
1514,408/448,F2039,1:10:30,1:09:15,11:09
1515,409/448,F2039,1:10:30,1:09:15,11:09
1516,172/186,F4049,1:10:57,1:09:28,11:11
1517,358/362,M2039,1:10:32,1:09:35,11:12
1518,410/448,F2039,1:10:32,1:09:35,11:12
1519,156/171,M5059,1:10:25,1:09:36,11:13
1520,411/448,F2039,1:10:12,1:09:41,11:13
1521,173/186,F4049,1:10:49,1:09:49,11:15
1522,40/46,M6069,1:10:16,1:09:56,11:16
1523,157/171,M5059,1:11:31,1:10:05,11:17
1524,158/171,M5059,1:10:59,1:10:11,11:18
1525,412/448,F2039,1:10:41,1:10:14,11:19
1526,159/171,M5059,1:10:41,1:10:15,11:19
1527,413/448,F2039,1:11:31,1:10:20,11:20
1528,174/186,F4049,1:11:42,1:10:21,11:20
1529,414/448,F2039,1:11:47,1:10:25,11:20
1530,359/362,M2039,1:11:47,1:10:25,11:20
1531,175/186,F4049,1:11:51,1:10:28,11:21
1532,176/186,F4049,1:11:51,1:10:29,11:21
1533,415/448,F2039,1:11:13,1:10:29,11:21
1534,416/448,F2039,1:12:03,1:10:31,11:21
1535,51/64,F5059,1:11:01,1:10:31,11:21
1536,417/448,F2039,1:11:36,1:10:33,11:22
1537,418/448,F2039,1:11:55,1:10:33,11:22
1538,177/186,F4049,1:12:05,1:10:47,11:24
1539,245/256,M4049,1:12:23,1:10:47,11:24
1540,419/448,F2039,1:10:59,1:10:50,11:24
1541,420/448,F2039,1:10:59,1:10:50,11:24
1542,160/171,M5059,1:11:35,1:10:52,11:25
1543,421/448,F2039,1:12:05,1:10:52,11:25
1544,20/20,F0119,1:12:05,1:10:52,11:25
1545,22/22,M0119,1:12:03,1:10:54,11:25
1546,246/256,M4049,1:12:04,1:10:56,11:25
1547,52/64,F5059,1:12:22,1:11:08,11:27
1548,247/256,M4049,1:12:42,1:11:11,11:28
1549,422/448,F2039,1:12:11,1:11:17,11:29
1550,178/186,F4049,1:11:20,1:11:19,11:29
1551,423/448,F2039,1:12:32,1:11:21,11:29
1552,248/256,M4049,1:12:42,1:11:21,11:29
1553,424/448,F2039,1:12:55,1:11:22,11:29
1554,41/46,M6069,1:12:57,1:11:23,11:30
1555,425/448,F2039,1:12:51,1:11:30,11:31
1556,426/448,F2039,1:11:57,1:11:30,11:31
1557,360/362,M2039,1:12:58,1:11:31,11:31
1558,427/448,F2039,1:11:35,1:11:35,11:32
1559,161/171,M5059,1:12:52,1:11:40,11:32
1560,361/362,M2039,1:13:22,1:11:45,11:33
1561,428/448,F2039,1:12:20,1:11:48,11:34
1562,429/448,F2039,1:12:26,1:11:49,11:34
1563,430/448,F2039,1:12:19,1:11:49,11:34
1564,162/171,M5059,1:12:45,1:12:00,11:36
1565,431/448,F2039,1:13:14,1:12:00,11:36
1566,249/256,M4049,1:12:51,1:12:07,11:37
1567,163/171,M5059,1:13:56,1:12:16,11:38
1568,53/64,F5059,1:13:32,1:12:27,11:40
1569,164/171,M5059,1:13:32,1:12:28,11:40
1570,6/11,M7099,1:12:50,1:12:29,11:40
1571,54/64,F5059,1:14:04,1:12:45,11:43
1572,165/171,M5059,1:14:05,1:12:46,11:43
1573,9/10,F6069,1:14:47,1:13:24,11:49
1574,250/256,M4049,1:14:04,1:13:24,11:49
1575,179/186,F4049,1:15:12,1:13:26,11:50
1576,432/448,F2039,1:14:53,1:13:29,11:50
1577,55/64,F5059,1:13:46,1:13:34,11:51
1578,433/448,F2039,1:15:03,1:13:35,11:51
1579,180/186,F4049,1:14:04,1:13:39,11:52
1580,181/186,F4049,1:14:40,1:13:41,11:52
1581,434/448,F2039,1:15:10,1:14:01,11:55
1582,251/256,M4049,1:15:37,1:14:02,11:55
1583,252/256,M4049,1:14:40,1:14:07,11:56
1584,435/448,F2039,1:15:26,1:14:08,11:56
1585,42/46,M6069,1:14:43,1:14:10,11:57
1586,436/448,F2039,1:15:41,1:14:24,11:59
1587,182/186,F4049,1:14:47,1:14:26,11:59
1588,183/186,F4049,1:16:04,1:14:35,12:01
1589,437/448,F2039,1:15:48,1:14:37,12:01
1590,166/171,M5059,1:15:06,1:14:46,12:02
1591,167/171,M5059,1:15:06,1:14:47,12:03
1592,184/186,F4049,1:16:28,1:14:56,12:04
1593,438/448,F2039,1:16:28,1:14:57,12:04
1594,56/64,F5059,1:16:24,1:14:59,12:04
1595,362/362,M2039,1:15:32,1:15:32,12:10
1596,439/448,F2039,1:17:16,1:15:51,12:13
1597,253/256,M4049,1:17:24,1:16:08,12:16
1598,7/11,M7099,1:17:34,1:16:14,12:17
1599,440/448,F2039,1:17:06,1:16:15,12:17
1600,168/171,M5059,1:17:37,1:16:25,12:18
1601,169/171,M5059,1:17:17,1:16:51,12:22
1602,185/186,F4049,1:17:13,1:16:53,12:23
1603,57/64,F5059,1:18:14,1:17:04,12:25
1604,43/46,M6069,1:18:13,1:17:04,12:25
1605,58/64,F5059,1:18:14,1:17:10,12:25
1606,441/448,F2039,1:18:00,1:17:27,12:28
1607,8/11,M7099,1:19:00,1:17:58,12:33
1608,44/46,M6069,1:18:53,1:18:00,12:34
1609,170/171,M5059,1:19:43,1:18:04,12:34
1610,254/256,M4049,1:20:03,1:18:34,12:39
1611,255/256,M4049,1:19:56,1:18:43,12:41
1612,442/448,F2039,1:19:47,1:18:52,12:42
1613,186/186,F4049,1:19:57,1:18:52,12:42
1614,9/11,M7099,1:19:24,1:19:05,12:44
1615,10/11,M7099,1:21:56,1:20:23,12:57
1616,256/256,M4049,1:23:17,1:21:52,13:11
1617,443/448,F2039,1:23:17,1:21:52,13:11
1618,59/64,F5059,1:22:20,1:21:59,13:12
1619,10/10,F6069,1:24:36,1:22:51,13:20
1620,60/64,F5059,1:24:07,1:23:27,13:26
1621,11/11,M7099,1:28:50,1:27:15,14:03
1622,61/64,F5059,1:30:35,1:28:56,14:19
1623,444/448,F2039,1:31:52,1:30:13,14:32
1624,445/448,F2039,1:30:19,1:30:19,14:33
1625,45/46,M6069,1:32:31,1:31:15,14:41
1626,446/448,F2039,1:32:10,1:32:01,14:49
1627,447/448,F2039,1:34:13,1:32:11,14:50
1628,62/64,F5059,1:34:26,1:32:24,14:53
1629,171/171,M5059,1:50:09,1:50:09,17:44
1630,63/64,F5059,1:55:13,1:53:38,18:18
1631,64/64,F5059,1:55:14,1:53:38,18:18
1632,46/46,M6069,1:55:34,1:55:34,18:36
1633,448/448,F2039,2:03:26,2:01:47,19:36
